Model,accuracy,precision,recall,f1
ResNet18,96.83377308707124,96.83755951110349,96.83377308707124,96.81624740396578
ResNet50,97.36147757255937,97.36184998462181,97.36147757255937,97.36135615257326
VGG16,98.35092348284961,98.36213073612625,98.35092348284961,98.34470651578911
VGG19,97.55936675461741,97.56978185023144,97.55936675461741,97.54810213184855
