Model,iou,dice,pixel_accuracy,precision,recall,f1
ResNetUnet,96.57874368032869,98.22951937806953,99.17071702297885,97.85566415898681,98.64668125614402,98.22951433395086
AttentionUNet,95.93799150890442,97.86008270678545,99.01323343644356,97.96843379468119,97.85835837417211,97.86007770363551
R2Unet,92.24927003512639,95.8107638878059,98.07729091996568,96.60535009253242,95.32828097685021,95.81075887193578
R2AttUnet,79.3495894504333,87.08837366488554,94.59676113480943,91.08694594028962,86.70499145064886,87.0883688478354
