Model,iou,dice,pixel_accuracy,precision,recall,f1
ResNetUnet,96.57875980818177,98.22953118497904,99.17072406859386,97.85565093749508,98.64671222338086,98.22952613851686
AttentionUNet,95.93806452459427,97.86012521244605,99.01323947554214,97.96847892166282,97.85839132751657,97.8601201851936
R2Unet,92.24988367791897,95.8111295796011,98.077406669355,96.60556773665162,95.3287461522487,95.81112458904425
R2AttUnet,79.35060792440518,87.08919174477838,94.59705906367239,91.08711312882005,86.70607411402231,87.08918690932845
CLIPSeg,94.18607879833056,96.95298314723617,98.57310191937046,97.08963894062074,96.90169277967787,96.95297817720197